Model,Accuracy,Time_s
Random Forest,0.6820171265461465,8.105393409729004
XGBoost,0.722359657469077,3.6870968341827393
SVM (RBF),0.6799238820171265,359.5399715900421
